created_at,field4
2019-12-20 14:42:02 IST,
2019-12-20 14:42:18 IST,
2019-12-20 14:42:34 IST,
2019-12-20 14:42:50 IST,
2019-12-20 14:43:06 IST,
2019-12-20 14:43:21 IST,
2019-12-20 14:43:37 IST,
2019-12-20 14:43:53 IST,
2019-12-20 14:44:08 IST,
2019-12-20 14:44:23 IST,
2019-12-20 14:44:39 IST,
2019-12-20 14:44:55 IST,
2019-12-20 14:45:11 IST,
2019-12-20 14:45:27 IST,
2019-12-20 14:45:42 IST,
2019-12-20 14:45:58 IST,
2019-12-20 14:46:14 IST,
2019-12-20 14:46:30 IST,
2019-12-20 14:46:45 IST,
2019-12-20 14:47:01 IST,
2019-12-20 14:47:16 IST,
2019-12-20 14:47:32 IST,
2019-12-20 14:47:47 IST,
2019-12-20 14:48:03 IST,
2019-12-20 14:48:22 IST,
2019-12-20 14:48:39 IST,
2019-12-20 14:49:07 IST,
2019-12-20 14:49:24 IST,
2019-12-20 14:49:39 IST,
2019-12-20 14:49:55 IST,
2019-12-20 14:50:32 IST,
2019-12-20 14:50:48 IST,
2019-12-20 14:51:04 IST,
2019-12-20 14:51:19 IST,
2019-12-20 14:51:35 IST,
2019-12-20 14:52:10 IST,
2019-12-20 14:52:26 IST,
2019-12-20 14:52:42 IST,
2019-12-20 14:52:58 IST,
2019-12-20 14:53:14 IST,
2019-12-20 14:53:30 IST,
2019-12-20 14:53:47 IST,
2019-12-20 14:54:03 IST,
2019-12-20 14:54:19 IST,
2019-12-20 14:54:34 IST,
2019-12-20 14:54:50 IST,
2019-12-20 14:55:06 IST,
2019-12-20 14:55:21 IST,
2019-12-20 14:55:37 IST,
2019-12-20 14:55:52 IST,
2019-12-20 14:56:08 IST,
2019-12-20 14:56:25 IST,
2019-12-20 14:56:40 IST,
2019-12-20 14:56:56 IST,
2019-12-20 14:57:12 IST,
2019-12-20 14:57:28 IST,
2019-12-20 14:57:43 IST,
2019-12-20 14:57:59 IST,
2019-12-20 14:58:16 IST,
2019-12-20 14:58:32 IST,
2019-12-20 14:58:49 IST,
2019-12-20 14:59:04 IST,
2019-12-20 14:59:20 IST,
2019-12-20 14:59:36 IST,
2019-12-20 14:59:51 IST,
2019-12-20 15:00:19 IST,
2019-12-20 15:00:35 IST,
2019-12-20 15:00:50 IST,
2019-12-20 15:01:06 IST,
2019-12-20 15:01:22 IST,
2019-12-20 15:01:37 IST,
2019-12-20 15:01:53 IST,
2019-12-20 16:39:57 IST,
2019-12-20 16:40:14 IST,
2019-12-20 16:40:45 IST,
2019-12-20 16:41:00 IST,
2019-12-20 16:41:17 IST,
2019-12-20 16:41:32 IST,
2019-12-20 16:41:48 IST,
2019-12-20 16:42:04 IST,
2019-12-20 16:42:20 IST,
2019-12-20 16:42:35 IST,
2019-12-20 16:42:51 IST,
2019-12-20 16:43:07 IST,
2019-12-20 16:43:22 IST,
2019-12-20 16:43:38 IST,
2019-12-20 16:43:54 IST,
2019-12-20 16:44:09 IST,
2019-12-20 16:44:25 IST,
2019-12-20 16:44:41 IST,
2019-12-20 16:44:57 IST,
2019-12-20 16:45:12 IST,
2019-12-20 16:45:28 IST,
2019-12-20 16:45:44 IST,
2019-12-20 16:45:59 IST,
2019-12-20 16:46:14 IST,
2019-12-20 16:46:30 IST,
2019-12-20 16:46:46 IST,
2019-12-20 16:47:01 IST,
2019-12-20 16:47:17 IST,
2019-12-20 16:47:33 IST,
2019-12-20 16:47:50 IST,
2019-12-20 16:48:05 IST,
2019-12-20 16:48:21 IST,
2019-12-20 16:48:37 IST,
2019-12-20 16:48:53 IST,
2019-12-20 16:49:09 IST,
2019-12-20 16:49:25 IST,
2019-12-20 16:49:40 IST,
2019-12-20 16:49:56 IST,
2019-12-20 16:50:11 IST,
2019-12-20 16:50:26 IST,
2019-12-20 16:50:42 IST,
2019-12-20 16:50:57 IST,
2019-12-20 16:51:13 IST,
2019-12-20 16:51:28 IST,
2019-12-20 16:51:44 IST,
2019-12-20 16:52:00 IST,
2019-12-20 16:52:16 IST,
2019-12-20 16:52:31 IST,
2019-12-20 16:52:47 IST,
2019-12-20 16:53:04 IST,
2019-12-20 16:53:19 IST,
2019-12-20 16:53:36 IST,
2019-12-20 16:53:52 IST,
2019-12-20 16:54:07 IST,
2019-12-20 16:54:24 IST,
2019-12-20 16:54:40 IST,
2019-12-20 16:54:55 IST,
2019-12-20 16:55:12 IST,
2019-12-20 16:55:28 IST,
2019-12-20 16:55:44 IST,
2019-12-20 16:55:59 IST,
2019-12-20 16:56:15 IST,
2019-12-20 16:56:31 IST,
2019-12-20 16:56:57 IST,
2019-12-20 16:57:13 IST,
2019-12-20 16:57:29 IST,
2019-12-20 16:57:44 IST,
2019-12-20 16:58:01 IST,
2019-12-20 16:58:17 IST,
2019-12-20 16:58:32 IST,
2019-12-20 16:58:48 IST,
2019-12-20 16:59:04 IST,
2019-12-20 16:59:20 IST,
2019-12-20 16:59:35 IST,
2019-12-20 16:59:52 IST,
2019-12-20 17:00:08 IST,
2019-12-20 17:00:24 IST,
2019-12-20 17:00:40 IST,
2019-12-20 17:00:55 IST,
2019-12-20 17:01:11 IST,
2019-12-20 17:01:27 IST,
2019-12-20 17:01:42 IST,
2019-12-20 17:01:58 IST,
2019-12-20 17:02:15 IST,
2019-12-20 17:02:30 IST,
2019-12-20 17:02:46 IST,
2019-12-20 17:03:02 IST,
2019-12-20 17:03:17 IST,
2019-12-20 17:03:34 IST,
2019-12-20 17:03:49 IST,
2019-12-20 17:04:05 IST,
2019-12-20 17:04:20 IST,
2019-12-20 17:04:37 IST,
2019-12-20 17:04:53 IST,
2019-12-20 17:05:09 IST,
2019-12-20 17:05:25 IST,
2019-12-20 17:05:40 IST,
2019-12-20 17:05:56 IST,
2019-12-20 17:06:12 IST,
2019-12-20 17:06:27 IST,
2019-12-20 17:06:43 IST,
2019-12-20 17:06:59 IST,
2019-12-20 17:07:14 IST,
2019-12-20 17:07:30 IST,
2019-12-20 17:07:46 IST,
2019-12-20 17:08:02 IST,
2019-12-20 17:08:18 IST,
2019-12-20 17:08:33 IST,
2019-12-20 17:08:49 IST,
2019-12-20 17:09:04 IST,
2019-12-20 17:09:20 IST,
2019-12-20 17:09:36 IST,
2019-12-20 17:09:52 IST,
2019-12-20 17:10:07 IST,
2019-12-20 17:10:23 IST,
2019-12-20 17:10:39 IST,
2019-12-20 17:10:54 IST,
2019-12-20 17:11:10 IST,
2019-12-20 17:11:25 IST,
2019-12-20 17:11:41 IST,
2019-12-20 17:11:57 IST,
2019-12-20 17:12:12 IST,
2019-12-20 17:12:28 IST,
2019-12-20 17:12:44 IST,
2019-12-20 17:13:00 IST,
2019-12-20 17:13:15 IST,
2019-12-20 17:13:31 IST,
2019-12-20 17:13:47 IST,
2019-12-20 17:14:04 IST,
2019-12-20 17:14:19 IST,
2019-12-20 17:14:35 IST,
2019-12-20 17:14:51 IST,
2019-12-20 17:15:08 IST,
2019-12-20 17:15:23 IST,
2019-12-20 17:15:39 IST,
2019-12-20 17:15:55 IST,
2019-12-20 17:16:10 IST,
2019-12-20 17:16:26 IST,
2019-12-20 17:16:42 IST,
2019-12-20 17:16:57 IST,
2019-12-20 17:17:13 IST,
2019-12-20 17:17:28 IST,
2019-12-20 17:17:44 IST,
2019-12-20 17:18:00 IST,
2019-12-20 17:18:16 IST,
2019-12-20 17:18:31 IST,
2019-12-20 17:18:46 IST,
2019-12-20 17:19:02 IST,
2019-12-20 17:19:17 IST,
2019-12-20 17:19:33 IST,
2019-12-20 17:19:49 IST,
2019-12-20 17:20:04 IST,
2019-12-20 17:20:20 IST,
2019-12-20 17:20:37 IST,
2019-12-20 17:20:52 IST,
2019-12-20 17:21:08 IST,
2019-12-20 17:21:23 IST,
2019-12-20 17:21:39 IST,
2019-12-20 17:21:55 IST,
2019-12-20 17:22:11 IST,
2019-12-20 17:22:27 IST,
2019-12-20 17:22:42 IST,
2019-12-20 17:22:58 IST,
2019-12-20 17:23:14 IST,
2019-12-20 17:23:29 IST,
2019-12-20 17:23:45 IST,
2019-12-20 17:24:01 IST,
2019-12-20 17:24:16 IST,
2019-12-20 17:24:31 IST,
2019-12-20 17:24:47 IST,
2019-12-20 17:25:03 IST,
2019-12-20 17:25:18 IST,
2019-12-20 17:25:35 IST,
2019-12-20 17:25:50 IST,
2019-12-20 17:26:06 IST,
2019-12-20 17:26:21 IST,
2019-12-20 17:26:37 IST,
2019-12-20 17:26:53 IST,
2019-12-20 17:27:09 IST,
2019-12-20 17:27:24 IST,
2019-12-20 17:27:40 IST,
2019-12-20 17:27:55 IST,
2019-12-20 17:28:11 IST,
2019-12-20 17:28:26 IST,
2019-12-20 17:28:42 IST,
2019-12-20 17:28:57 IST,
2019-12-20 17:29:12 IST,
2019-12-20 17:29:28 IST,
2019-12-20 17:29:44 IST,
2019-12-20 17:30:00 IST,
2019-12-20 17:30:15 IST,
2019-12-20 17:30:31 IST,
2019-12-20 17:30:48 IST,
2019-12-20 17:31:04 IST,
2019-12-20 17:31:20 IST,
2019-12-20 17:31:35 IST,
2019-12-20 17:31:51 IST,
2019-12-20 17:32:07 IST,
2019-12-20 17:32:22 IST,
2019-12-20 17:32:37 IST,
2019-12-20 17:32:54 IST,
2019-12-20 17:33:10 IST,
2019-12-20 17:33:27 IST,
2019-12-20 17:33:42 IST,
2019-12-20 17:33:57 IST,
2019-12-20 17:34:12 IST,
2019-12-20 17:34:28 IST,
2019-12-20 17:34:43 IST,
2019-12-20 17:34:59 IST,
2019-12-20 17:35:14 IST,
2019-12-20 17:35:31 IST,
2019-12-20 17:35:47 IST,
2019-12-20 17:36:02 IST,
2019-12-20 17:36:18 IST,
2019-12-20 17:36:34 IST,
2019-12-20 17:36:50 IST,
2019-12-20 17:37:07 IST,
2019-12-20 17:37:22 IST,
2019-12-20 17:37:39 IST,
2019-12-20 17:37:55 IST,
2019-12-20 17:38:10 IST,
2019-12-20 17:38:25 IST,
2019-12-20 17:38:40 IST,
2019-12-20 17:38:56 IST,
2019-12-20 17:39:12 IST,
2019-12-20 17:39:29 IST,
2019-12-20 17:39:44 IST,
2019-12-20 17:40:00 IST,
2019-12-20 17:40:16 IST,
2019-12-20 17:40:32 IST,
2019-12-20 17:40:47 IST,
2019-12-20 17:41:03 IST,
2019-12-20 17:41:19 IST,
2019-12-20 17:41:35 IST,
2019-12-20 17:41:51 IST,
2019-12-20 17:42:07 IST,
2019-12-20 17:42:22 IST,
2019-12-20 17:42:38 IST,
2019-12-20 17:42:54 IST,
2019-12-20 17:43:10 IST,
2019-12-20 17:43:26 IST,
2019-12-20 17:43:41 IST,
2019-12-20 17:43:57 IST,
2019-12-20 17:44:13 IST,
2019-12-20 17:44:28 IST,
2019-12-20 17:44:47 IST,
2019-12-20 17:45:03 IST,
2019-12-20 17:45:19 IST,
2019-12-20 17:45:34 IST,
2019-12-20 17:45:50 IST,
2019-12-20 17:46:07 IST,
2019-12-20 17:46:24 IST,
2019-12-20 17:46:41 IST,
2019-12-20 17:46:57 IST,
2019-12-20 17:47:14 IST,
2019-12-20 17:47:29 IST,
2019-12-20 17:47:45 IST,
2019-12-20 17:48:00 IST,
2019-12-20 17:48:16 IST,
2019-12-20 17:48:33 IST,
2019-12-20 17:48:48 IST,
2019-12-20 17:49:05 IST,
2019-12-20 17:49:21 IST,
2019-12-20 17:49:37 IST,
2019-12-20 17:49:53 IST,
2019-12-20 17:50:10 IST,
2019-12-20 17:50:27 IST,
2019-12-20 17:50:43 IST,
2019-12-20 17:50:59 IST,
2019-12-20 17:51:15 IST,
2019-12-20 17:51:31 IST,
2019-12-20 17:51:47 IST,
2019-12-20 17:52:03 IST,
2019-12-20 17:52:19 IST,
2019-12-20 17:52:35 IST,
2019-12-20 17:52:51 IST,
2019-12-20 17:53:07 IST,
2019-12-20 17:53:23 IST,
2019-12-20 17:53:39 IST,
2019-12-20 17:53:55 IST,
2019-12-20 17:54:10 IST,
2019-12-22 19:27:59 IST,
2019-12-22 19:28:15 IST,
2019-12-22 19:28:30 IST,
2019-12-22 19:28:46 IST,
2019-12-22 19:29:02 IST,
2019-12-22 19:29:17 IST,
2019-12-22 19:29:33 IST,
2019-12-22 19:29:49 IST,
2019-12-22 19:30:05 IST,
2019-12-22 19:30:21 IST,
2019-12-22 19:30:36 IST,
2019-12-22 19:30:52 IST,
2019-12-22 19:31:08 IST,
2019-12-22 19:31:23 IST,
2019-12-22 19:31:39 IST,
2019-12-22 19:31:55 IST,
2019-12-22 19:32:11 IST,
2019-12-22 19:32:26 IST,
2019-12-22 19:32:42 IST,
2019-12-22 19:32:58 IST,
2019-12-22 19:33:13 IST,
2019-12-22 19:33:29 IST,
2019-12-22 19:33:45 IST,
2019-12-22 19:34:00 IST,
2019-12-22 19:34:16 IST,
2019-12-22 19:34:32 IST,
2019-12-22 19:34:47 IST,
2019-12-22 19:35:03 IST,
2019-12-22 19:35:19 IST,
2019-12-22 19:35:35 IST,
2019-12-22 19:35:50 IST,
2019-12-22 19:36:06 IST,
2019-12-22 19:36:21 IST,
2019-12-22 19:36:37 IST,
2019-12-22 19:36:53 IST,
2019-12-22 19:37:08 IST,
2019-12-22 19:37:24 IST,
2019-12-22 19:37:40 IST,
2019-12-22 19:37:56 IST,
2019-12-22 19:38:11 IST,
2019-12-22 19:38:27 IST,
2019-12-22 19:38:43 IST,
2019-12-22 19:38:59 IST,
2019-12-22 19:39:15 IST,
2019-12-22 19:39:31 IST,
2019-12-22 19:39:47 IST,
2019-12-22 19:40:02 IST,
2019-12-22 19:40:18 IST,
2019-12-22 19:40:34 IST,
2019-12-22 19:40:49 IST,
2019-12-22 19:41:05 IST,
2019-12-22 19:41:21 IST,
2019-12-22 19:41:36 IST,
2019-12-22 19:41:52 IST,
2019-12-22 19:42:08 IST,
2019-12-22 19:42:23 IST,
2019-12-22 19:42:39 IST,
2019-12-22 19:42:55 IST,
2019-12-22 19:43:11 IST,
2019-12-22 19:43:26 IST,
2019-12-22 19:43:42 IST,
2019-12-22 19:43:58 IST,
2019-12-22 19:44:14 IST,
2019-12-22 19:44:29 IST,
2019-12-22 19:44:45 IST,
2019-12-22 19:45:01 IST,
2019-12-22 19:45:16 IST,
2019-12-22 19:45:32 IST,
2019-12-22 19:45:48 IST,
2019-12-22 19:46:04 IST,
2019-12-22 19:46:20 IST,
2019-12-22 19:46:35 IST,
2019-12-22 19:46:52 IST,
2019-12-22 19:47:08 IST,
2019-12-22 19:47:24 IST,
2019-12-22 19:47:40 IST,
2019-12-22 19:47:55 IST,
2019-12-22 19:48:11 IST,
2019-12-22 19:48:27 IST,
2019-12-22 19:48:43 IST,
2019-12-22 19:48:58 IST,
2019-12-22 19:49:14 IST,
2019-12-22 19:49:30 IST,
2019-12-22 19:49:46 IST,
2019-12-22 19:50:02 IST,
2019-12-22 19:50:17 IST,
2019-12-22 19:50:33 IST,
2019-12-22 19:50:49 IST,
2019-12-22 19:51:05 IST,
2019-12-22 19:51:20 IST,
2019-12-22 19:51:36 IST,
2019-12-22 19:51:52 IST,
2019-12-22 19:52:08 IST,
2019-12-22 19:52:23 IST,
2019-12-22 19:52:39 IST,
2019-12-22 19:52:55 IST,
2019-12-22 19:53:10 IST,
2019-12-22 19:53:26 IST,
2019-12-22 19:53:42 IST,
2019-12-22 19:53:58 IST,
2019-12-22 19:54:13 IST,
2019-12-22 19:54:29 IST,
2019-12-22 19:54:45 IST,
2019-12-22 19:55:00 IST,
2019-12-22 19:55:16 IST,
2019-12-22 19:55:32 IST,
2019-12-22 19:55:49 IST,
2019-12-22 19:56:05 IST,
2019-12-22 19:56:20 IST,
2019-12-22 19:56:39 IST,
2019-12-22 19:56:55 IST,
2019-12-22 19:57:11 IST,
2019-12-22 19:57:26 IST,
2019-12-22 19:57:42 IST,
2019-12-22 19:58:19 IST,
2019-12-22 19:58:34 IST,
2019-12-22 19:58:50 IST,
2019-12-22 19:59:05 IST,
2019-12-22 19:59:21 IST,
2019-12-22 19:59:37 IST,
2019-12-22 19:59:52 IST,
2019-12-22 20:00:08 IST,
2019-12-22 20:00:23 IST,
2019-12-22 20:00:39 IST,
2019-12-22 20:00:54 IST,
2019-12-22 20:01:10 IST,
2019-12-22 20:01:46 IST,
2019-12-22 20:02:02 IST,
2019-12-22 20:02:17 IST,
2019-12-22 20:02:33 IST,
2019-12-22 20:02:48 IST,
2019-12-22 20:03:32 IST,
2019-12-22 20:03:54 IST,
2019-12-22 20:04:16 IST,
2019-12-22 20:04:54 IST,
2019-12-22 20:05:09 IST,
2019-12-22 20:05:25 IST,
2019-12-22 20:05:41 IST,
2019-12-22 20:05:56 IST,
2019-12-22 20:06:12 IST,
2019-12-22 20:06:58 IST,
2019-12-22 20:07:14 IST,
2019-12-22 20:07:30 IST,
2019-12-22 20:07:45 IST,
2019-12-22 20:08:01 IST,
2019-12-22 20:08:16 IST,
2019-12-22 20:08:32 IST,
2019-12-22 20:08:47 IST,
2019-12-22 20:09:03 IST,
2019-12-22 20:09:18 IST,
2019-12-22 20:09:34 IST,
2019-12-22 20:09:50 IST,
2019-12-22 20:10:05 IST,
2019-12-22 20:10:21 IST,
2019-12-22 20:10:36 IST,
2019-12-22 20:10:52 IST,
2019-12-22 20:11:34 IST,
2019-12-22 20:11:50 IST,
2019-12-22 20:12:06 IST,
2019-12-22 20:12:21 IST,
2019-12-22 20:12:59 IST,
2019-12-22 20:13:14 IST,
2019-12-22 20:13:30 IST,
2019-12-22 20:13:45 IST,
2019-12-22 20:14:01 IST,
2019-12-22 20:14:16 IST,
2019-12-22 20:14:32 IST,
2019-12-22 20:14:47 IST,
2019-12-22 20:15:03 IST,
2019-12-22 20:15:18 IST,
2019-12-22 20:15:34 IST,
2019-12-22 20:15:50 IST,
2019-12-22 20:16:05 IST,
2019-12-22 20:16:21 IST,
2019-12-22 20:16:36 IST,
2019-12-22 20:16:52 IST,
2019-12-22 20:17:07 IST,
2019-12-22 20:17:23 IST,
2019-12-22 20:17:38 IST,
2019-12-22 20:17:54 IST,
2019-12-22 20:18:09 IST,
2019-12-22 20:18:25 IST,
2019-12-22 20:18:40 IST,
2019-12-22 20:18:55 IST,
2019-12-22 20:19:11 IST,
2019-12-22 20:19:26 IST,
2019-12-22 20:19:42 IST,
2019-12-22 20:19:57 IST,
2019-12-22 20:20:13 IST,
2019-12-22 20:20:29 IST,
2019-12-22 20:20:44 IST,
2019-12-22 20:21:00 IST,
2019-12-22 20:21:15 IST,
2019-12-22 20:21:31 IST,
2019-12-22 20:21:46 IST,
2019-12-22 20:22:02 IST,
2019-12-22 20:22:17 IST,
2019-12-22 20:22:33 IST,
2019-12-22 20:22:48 IST,
2019-12-22 20:23:23 IST,
2019-12-22 20:23:38 IST,
2019-12-22 20:23:53 IST,
2019-12-22 20:24:09 IST,
2019-12-22 20:24:24 IST,
2019-12-22 20:24:40 IST,
2019-12-22 20:24:55 IST,
2019-12-22 20:25:11 IST,
2019-12-22 20:25:26 IST,
2019-12-22 20:25:42 IST,
2019-12-22 20:25:57 IST,
2019-12-22 20:26:13 IST,
2019-12-22 20:26:28 IST,
2019-12-22 20:26:43 IST,
2019-12-22 20:26:59 IST,
2019-12-22 20:27:15 IST,
2019-12-24 15:13:46 IST,
2019-12-24 15:14:04 IST,
2019-12-24 15:14:20 IST,
2019-12-24 15:14:36 IST,
2019-12-24 15:14:53 IST,
2019-12-24 15:15:09 IST,
2019-12-24 15:15:25 IST,
2019-12-24 15:15:43 IST,
2019-12-24 15:15:58 IST,
2019-12-24 15:16:14 IST,
2019-12-24 15:16:31 IST,
2019-12-24 15:16:49 IST,
2019-12-24 15:17:05 IST,
2019-12-24 15:17:22 IST,
2019-12-24 15:17:37 IST,
2019-12-24 15:17:52 IST,
2019-12-24 15:18:11 IST,
2019-12-24 15:18:26 IST,
2019-12-24 15:18:44 IST,
2019-12-24 15:18:59 IST,
2019-12-24 15:19:15 IST,
2019-12-24 15:19:30 IST,
2019-12-24 15:19:45 IST,
2019-12-24 15:20:04 IST,
2019-12-24 15:20:20 IST,
2019-12-24 15:20:35 IST,
2019-12-24 15:20:52 IST,
2019-12-24 15:21:07 IST,
2019-12-24 15:21:25 IST,
2019-12-24 15:21:41 IST,
2019-12-24 15:21:56 IST,
2019-12-24 15:22:12 IST,
2019-12-24 15:22:56 IST,
2019-12-24 15:23:12 IST,
2019-12-24 15:23:28 IST,
2019-12-24 15:23:44 IST,
2019-12-24 15:24:02 IST,
2019-12-24 15:24:19 IST,
2019-12-24 15:24:35 IST,
2019-12-24 15:24:53 IST,
2019-12-24 15:25:10 IST,
2019-12-24 15:25:26 IST,
2019-12-24 15:25:42 IST,
2019-12-24 15:26:02 IST,
2019-12-24 15:26:17 IST,
2019-12-24 15:26:56 IST,
2019-12-24 15:27:12 IST,
2019-12-24 15:27:28 IST,
2019-12-24 15:27:46 IST,
2019-12-24 15:28:03 IST,
2020-01-01 22:40:30 IST,
2020-01-01 22:40:46 IST,
2020-01-01 22:41:01 IST,
2020-01-01 22:41:16 IST,
2020-01-01 22:41:32 IST,
2020-01-01 22:41:48 IST,
2020-01-01 22:42:04 IST,
2020-01-01 22:42:19 IST,
2020-01-01 22:42:34 IST,
2020-01-01 22:42:50 IST,
2020-01-01 22:43:06 IST,
2020-01-01 22:43:22 IST,
2020-01-01 22:43:37 IST,
2020-01-01 22:43:54 IST,
2020-01-01 22:44:10 IST,
2020-01-01 22:44:25 IST,
2020-01-01 22:44:40 IST,
2020-01-01 22:44:55 IST,
2020-01-01 22:45:12 IST,
2020-01-01 22:45:27 IST,
2020-01-01 22:45:43 IST,
2020-01-01 22:45:59 IST,
2020-01-01 22:46:15 IST,
2020-01-01 22:46:30 IST,
2020-01-01 22:46:45 IST,
2020-01-01 22:47:02 IST,
2020-01-01 22:47:17 IST,
2020-01-01 22:47:32 IST,
2020-01-01 22:47:48 IST,
2020-01-01 22:48:04 IST,
2020-01-01 22:48:19 IST,
2020-01-01 22:48:35 IST,
2020-01-01 22:48:50 IST,
2020-01-01 22:49:06 IST,
2020-01-01 22:49:21 IST,
2020-01-01 22:49:37 IST,
2020-01-01 22:49:53 IST,
2020-01-01 22:50:09 IST,
2020-01-01 22:50:25 IST,
2020-01-01 22:50:41 IST,
2020-01-01 22:50:57 IST,
2020-01-01 22:51:13 IST,
2020-01-01 22:51:28 IST,
2020-01-01 22:51:45 IST,
2020-01-01 22:52:01 IST,
2020-01-01 22:52:16 IST,
2020-01-01 22:52:33 IST,
2020-01-01 22:52:49 IST,
2020-01-01 22:53:04 IST,
2020-01-01 22:53:19 IST,
2020-01-01 22:53:36 IST,
2020-01-01 22:53:52 IST,
2020-01-01 22:54:07 IST,
2020-01-01 22:54:24 IST,
2020-01-01 22:54:40 IST,
2020-01-01 22:54:55 IST,
2020-01-01 22:55:10 IST,
2020-01-01 22:55:26 IST,
2020-01-01 22:55:41 IST,
2020-01-01 22:55:56 IST,
2020-01-01 22:56:13 IST,
2020-01-01 22:56:29 IST,
2020-01-01 22:56:44 IST,
2020-01-01 22:57:00 IST,
2020-01-01 22:57:15 IST,
2020-01-01 22:57:31 IST,
2020-01-01 22:57:47 IST,
2020-01-01 22:58:03 IST,
2020-01-01 22:58:19 IST,
2020-01-01 22:58:36 IST,
2020-01-01 22:58:51 IST,
2020-01-01 22:59:07 IST,
2020-01-01 22:59:23 IST,
2020-01-01 22:59:38 IST,
2020-01-01 22:59:55 IST,
2020-01-01 23:00:11 IST,
2020-01-01 23:00:27 IST,
2020-01-01 23:00:42 IST,
2020-01-01 23:00:58 IST,
2020-01-01 23:01:14 IST,
2020-01-01 23:01:29 IST,
2020-01-01 23:01:44 IST,
2020-01-01 23:02:00 IST,
2020-01-01 23:02:16 IST,
2020-01-01 23:02:32 IST,
2020-01-01 23:02:47 IST,
2020-01-01 23:03:03 IST,
2020-01-01 23:03:19 IST,
2020-01-01 23:03:34 IST,
2020-01-01 23:03:50 IST,
2020-01-01 23:04:06 IST,
2020-01-01 23:04:22 IST,
2020-01-01 23:04:37 IST,
2020-01-01 23:04:53 IST,
2020-01-01 23:05:08 IST,
2020-01-01 23:05:24 IST,
2020-01-01 23:05:40 IST,
2020-01-01 23:05:56 IST,
2020-01-01 23:06:13 IST,
2020-01-01 23:06:28 IST,
2020-01-01 23:06:44 IST,
2020-01-01 23:07:00 IST,
2020-01-01 23:07:15 IST,
2020-01-01 23:07:32 IST,
2020-01-01 23:07:48 IST,
2020-01-01 23:08:03 IST,
2020-01-01 23:08:19 IST,
2020-01-01 23:08:35 IST,
2020-01-01 23:08:51 IST,
2020-01-01 23:09:06 IST,
2020-01-01 23:09:21 IST,
2020-01-01 23:09:37 IST,
2020-01-01 23:09:54 IST,
2020-01-01 23:10:09 IST,
2020-01-01 23:10:26 IST,
2020-01-01 23:10:41 IST,
2020-01-01 23:10:57 IST,
2020-01-01 23:11:12 IST,
2020-01-01 23:11:28 IST,
2020-01-01 23:11:43 IST,
2020-01-01 23:12:00 IST,
2020-01-01 23:12:16 IST,
2020-01-01 23:12:32 IST,
2020-01-01 23:12:47 IST,
2020-01-01 23:13:03 IST,
2020-01-01 23:13:20 IST,
2020-01-01 23:13:35 IST,
2020-01-01 23:13:50 IST,
2020-01-01 23:14:06 IST,
2020-01-01 23:14:21 IST,
2020-01-01 23:14:37 IST,
2020-01-01 23:14:53 IST,
2020-01-01 23:15:08 IST,
2020-01-01 23:15:25 IST,
2020-01-01 23:15:41 IST,
2020-01-01 23:16:05 IST,
2020-01-01 23:16:20 IST,
2020-01-01 23:16:37 IST,
2020-01-01 23:16:53 IST,
2020-01-01 23:17:09 IST,
2020-01-01 23:17:25 IST,
2020-01-01 23:17:42 IST,
2020-01-01 23:17:57 IST,
2020-01-01 23:18:13 IST,
2020-01-01 23:18:29 IST,
2020-01-01 23:18:44 IST,
2020-01-01 23:19:01 IST,
2020-01-01 23:19:16 IST,
2020-01-01 23:19:32 IST,
2020-01-01 23:19:47 IST,
2020-01-01 23:20:03 IST,
2020-01-01 23:20:19 IST,
2020-01-01 23:20:36 IST,
2020-01-01 23:20:52 IST,
2020-01-01 23:21:08 IST,
2020-01-01 23:21:24 IST,
2020-01-01 23:21:40 IST,
2020-01-01 23:21:57 IST,
2020-01-01 23:22:13 IST,
2020-01-01 23:22:29 IST,
2020-01-01 23:22:45 IST,
2020-01-01 23:23:01 IST,
2020-01-01 23:23:17 IST,
2020-01-01 23:23:34 IST,
2020-01-01 23:23:50 IST,
2020-01-01 23:24:05 IST,
2020-01-01 23:24:22 IST,
2020-01-01 23:24:37 IST,
2020-01-01 23:24:53 IST,
2020-01-01 23:25:08 IST,
2020-01-01 23:25:25 IST,
2020-01-01 23:25:41 IST,
2020-01-01 23:25:57 IST,
2020-01-01 23:26:13 IST,
2020-01-01 23:26:29 IST,
2020-01-01 23:26:45 IST,
2020-01-01 23:27:01 IST,
2020-01-01 23:27:17 IST,
2020-01-01 23:27:33 IST,
2020-01-01 23:27:48 IST,
2020-01-01 23:28:05 IST,
2020-01-01 23:28:21 IST,
2020-01-01 23:28:36 IST,
2020-01-01 23:28:52 IST,
2020-01-01 23:29:08 IST,
2020-01-01 23:29:24 IST,
2020-01-01 23:29:40 IST,
2020-01-01 23:29:56 IST,
2020-01-01 23:30:12 IST,
2020-01-01 23:30:27 IST,
2020-01-01 23:30:44 IST,
2020-01-01 23:31:00 IST,
2020-01-01 23:31:16 IST,
2020-01-01 23:31:32 IST,
2020-01-01 23:31:48 IST,
2020-01-01 23:32:04 IST,
2020-01-01 23:32:19 IST,
2020-01-01 23:32:36 IST,
2020-01-01 23:32:52 IST,
2020-01-01 23:33:07 IST,
2020-01-01 23:33:24 IST,
2020-01-01 23:33:40 IST,
2020-01-01 23:33:56 IST,
2020-01-01 23:34:11 IST,
2020-01-01 23:34:28 IST,
2020-01-01 23:34:44 IST,
2020-01-01 23:35:00 IST,
2020-01-01 23:35:15 IST,
2020-01-01 23:35:31 IST,
2020-01-01 23:35:47 IST,
2020-01-01 23:36:04 IST,
2020-01-01 23:36:20 IST,
2020-01-01 23:36:36 IST,
2020-01-01 23:36:52 IST,
2020-01-01 23:37:08 IST,
2020-01-01 23:37:24 IST,
2020-01-01 23:37:41 IST,
2020-01-01 23:37:57 IST,
2020-01-01 23:38:12 IST,
2020-01-01 23:38:29 IST,
2020-01-01 23:38:45 IST,
2020-01-01 23:39:00 IST,
2020-01-01 23:39:16 IST,
2020-01-01 23:39:32 IST,
2020-03-07 09:37:18 IST,0.15381
2020-03-07 09:37:35 IST,0.15381
2020-03-07 09:37:51 IST,0.15666
2020-03-07 09:38:08 IST,0.15381
2020-03-07 09:38:24 IST,0.16235
2020-03-07 09:38:40 IST,0.16235
2020-03-07 09:38:56 IST,0.15381
2020-03-07 09:39:12 IST,0.15381
2020-03-07 09:39:29 IST,13.26742
2020-03-07 09:39:45 IST,13.27026
2020-03-07 09:40:01 IST,13.27596
2020-03-07 09:40:17 IST,13.27311
2020-03-07 09:40:34 IST,13.27026
2020-03-07 09:40:50 IST,13.27881
2020-03-07 09:41:07 IST,13.27311
2020-03-07 09:41:23 IST,13.28451
2020-03-07 09:41:39 IST,13.26172
2020-03-07 09:41:55 IST,13.27881
2020-03-07 09:42:11 IST,13.26172
2020-03-07 09:42:27 IST,13.28166
2020-03-07 09:42:44 IST,13.27311
2020-03-07 09:43:00 IST,13.27026
2020-03-07 09:43:16 IST,13.27881
2020-03-07 09:43:33 IST,13.27311
2020-03-07 09:43:49 IST,13.27881
2020-03-07 09:44:05 IST,13.27311
2020-03-07 09:44:21 IST,13.27881
2020-03-07 09:44:38 IST,13.27881
2020-03-07 09:44:54 IST,13.27881
2020-03-07 09:45:10 IST,13.28166
2020-03-07 09:45:26 IST,13.28166
2020-03-07 09:45:43 IST,13.27311
2020-03-07 09:45:59 IST,13.27596
2020-03-07 09:46:15 IST,13.27881
2020-03-07 09:46:31 IST,13.2902
2020-03-07 09:46:47 IST,13.27881
2020-03-07 09:47:04 IST,13.27881
2020-03-07 09:47:20 IST,13.29305
2020-03-07 09:47:36 IST,13.28735
2020-03-07 09:47:53 IST,13.27881
2020-03-07 09:48:09 IST,13.27881
2020-03-07 09:48:25 IST,13.27026
2020-03-07 09:48:41 IST,13.28451
2020-03-07 09:48:58 IST,13.33578
2020-03-07 09:49:14 IST,13.27881
2020-03-07 09:49:30 IST,13.28451
2020-03-07 09:49:46 IST,13.27026
2020-03-07 09:50:03 IST,13.25317
2020-03-07 09:50:19 IST,13.31014
2020-03-07 09:50:35 IST,13.2902
2020-03-07 09:50:51 IST,13.28166
2020-03-07 09:51:08 IST,13.3016
2020-03-07 09:51:24 IST,13.2959
2020-03-07 09:51:40 IST,13.29305
2020-03-07 09:51:56 IST,0.14811
2020-03-07 09:52:13 IST,0.15381
2020-03-07 09:52:29 IST,0.15381
2020-03-07 09:52:45 IST,0.15381
2020-03-07 09:53:01 IST,0.15381
2020-03-07 09:53:17 IST,0.15381
2020-03-07 09:53:34 IST,0.14811
2020-03-07 09:53:50 IST,0.15381
2020-03-07 09:54:06 IST,0.15381
2020-03-07 09:54:22 IST,0.15381
2020-03-07 09:54:39 IST,0.15381
2020-03-07 09:54:55 IST,0.15381
2020-03-07 09:55:11 IST,0.15381
2020-03-07 09:55:27 IST,0.15096
2020-03-07 09:55:44 IST,0.14811
2020-03-07 09:55:59 IST,0.15381
2020-03-07 09:56:16 IST,0.15381
2020-03-07 09:56:32 IST,0.15381
2020-03-07 09:56:48 IST,0.15381
2020-03-07 09:57:05 IST,0.15381
2020-03-07 09:57:21 IST,0.15381
2020-03-07 09:57:37 IST,0.15096
2020-03-07 09:57:54 IST,0.15381
2020-03-07 09:58:10 IST,0.14811
2020-03-07 09:58:27 IST,0.15096
2020-03-07 09:58:43 IST,0.15381
2020-03-07 09:58:59 IST,0.15381
2020-03-07 09:59:15 IST,0.15381
2020-03-07 09:59:32 IST,0.15381
2020-03-07 09:59:47 IST,0.15381
2020-03-07 10:00:03 IST,0.15381
2020-03-07 10:00:20 IST,0.15381
2020-03-07 10:00:36 IST,0.15381
2020-03-07 10:00:52 IST,0.15381
2020-03-07 10:01:08 IST,0.15381
2020-03-07 10:01:25 IST,0.15381
2020-03-07 10:01:40 IST,0.15381
2020-03-07 10:01:57 IST,0.15381
2020-03-07 10:02:13 IST,0.15381
2020-03-07 10:02:29 IST,0.15381
2020-03-07 10:02:45 IST,0.15381
2020-03-07 10:03:01 IST,0.14811
2020-03-07 10:03:18 IST,0.15381
2020-03-07 10:03:34 IST,0.15381
2020-03-07 10:03:50 IST,0.15381
2020-03-07 10:04:06 IST,0.15381
2020-03-07 10:04:22 IST,0.15096
2020-03-07 10:04:39 IST,0.15381
2020-03-07 10:04:55 IST,0.15381
2020-03-07 10:05:11 IST,0.14526
2020-03-07 10:05:30 IST,0.15381
2020-03-07 10:05:46 IST,0.14811
2020-03-07 10:06:02 IST,0.15381
2020-03-07 10:06:18 IST,0.15381
2020-03-07 10:06:34 IST,0.15381
2020-03-07 10:06:51 IST,0.15381
2020-03-07 10:07:07 IST,0.15381
2020-03-07 10:07:23 IST,0.14526
2020-03-07 10:07:39 IST,0.13672
2020-03-07 10:07:55 IST,0.16805
2020-03-07 10:08:12 IST,0.16805
2020-03-07 10:08:28 IST,0.1709
2020-03-07 10:08:51 IST,0.1709
2020-03-07 10:09:08 IST,0.1709
2020-03-07 10:09:24 IST,0.1709
2020-03-07 10:09:40 IST,0.16805
2020-03-07 10:09:57 IST,0.1709
2020-03-07 10:10:13 IST,0.1709
2020-03-07 10:10:29 IST,0.1709
2020-03-07 10:10:46 IST,0.1709
2020-03-07 10:11:02 IST,0.1709
2020-03-07 10:11:18 IST,0.1709
2020-03-07 10:11:33 IST,0.1709
2020-03-07 10:11:49 IST,0.1709
2020-03-07 10:12:05 IST,0.1709
2020-03-07 10:12:21 IST,0.16805
2020-03-07 10:12:38 IST,0.1709
2020-03-07 10:12:54 IST,0.1709
2020-03-07 10:13:10 IST,0.1709
2020-03-07 10:13:26 IST,0.16805
2020-03-07 10:13:45 IST,0.1709
2020-03-07 10:14:02 IST,0.1709
2020-03-07 10:14:18 IST,0.1709
2020-03-07 10:14:34 IST,0.1709
2020-03-07 10:14:50 IST,0.15381
2020-03-07 10:15:05 IST,0.15381
2020-03-07 10:15:22 IST,0.15666
2020-03-07 10:15:38 IST,0.15381
2020-03-07 10:15:54 IST,0.15381
2020-03-07 10:16:10 IST,0.15381
2020-03-07 10:16:27 IST,0.15381
2020-03-07 10:16:43 IST,0.15381
2020-03-07 10:16:59 IST,0.15381
2020-03-07 10:17:15 IST,0.15951
2020-03-07 10:17:31 IST,0.15666
2020-03-07 10:17:48 IST,0.1709
2020-03-07 10:21:35 IST,0.16805
2020-03-07 10:21:52 IST,0.1709
2020-03-07 10:22:08 IST,0.1709
2020-03-07 10:22:24 IST,0.1709
2020-03-07 10:22:40 IST,0.1709
2020-03-07 10:22:57 IST,0.1709
2020-03-07 10:23:13 IST,0.1709
2020-03-07 10:23:29 IST,0.1709
2020-03-07 10:23:45 IST,0.16805
2020-03-07 10:27:38 IST,0.1652
2020-03-07 10:27:54 IST,0.1709
2020-03-07 10:28:10 IST,0.1709
2020-03-07 10:28:26 IST,0.1709
2020-03-07 10:28:42 IST,0.1709
2020-03-07 10:28:59 IST,0.1709
2020-03-07 10:29:15 IST,0.1709
2020-03-07 10:47:40 IST,0.1709
2020-03-07 10:47:57 IST,0.15951
2020-03-07 10:52:06 IST,13.33578
2020-03-07 10:52:22 IST,13.2902
2020-03-07 10:52:38 IST,13.28735
2020-03-07 10:52:54 IST,13.28735
2020-03-07 10:53:11 IST,13.2902
2020-03-07 10:53:27 IST,13.27881
2020-03-07 10:53:44 IST,13.28735
2020-03-07 10:54:00 IST,13.30444
2020-03-07 10:54:16 IST,13.2902
2020-03-07 10:54:32 IST,13.28166
2020-03-07 10:54:49 IST,13.28166
2020-03-07 10:55:05 IST,13.28451
2020-03-07 10:55:21 IST,13.28166
2020-03-07 10:55:37 IST,13.28735
2020-03-07 10:55:53 IST,13.27881
2020-03-07 10:56:10 IST,13.28166
2020-03-07 10:56:26 IST,13.28166
2020-03-07 10:56:42 IST,13.28735
2020-03-07 11:03:57 IST,13.32438
2020-03-07 11:04:14 IST,13.33008
2020-03-07 11:04:30 IST,13.33008
2020-03-07 11:04:46 IST,13.27881
2020-03-07 11:05:03 IST,0.14242
2020-03-07 11:05:19 IST,13.31869
2020-03-07 11:05:35 IST,13.28735
2020-03-07 11:05:52 IST,13.28451
2020-03-07 11:06:07 IST,13.28166
2020-03-07 11:06:22 IST,13.27881
2020-03-07 11:06:38 IST,13.27881
2020-03-07 11:06:54 IST,13.27881
2020-03-07 11:07:10 IST,13.27881
2020-03-07 11:07:26 IST,13.27881
2020-03-07 11:07:43 IST,13.28451
2020-03-07 11:07:59 IST,13.28166
2020-03-07 11:08:15 IST,13.27881
2020-03-07 11:08:32 IST,13.2902
2020-03-07 11:08:48 IST,13.27881
2020-03-07 11:09:04 IST,13.28166
2020-03-07 11:09:20 IST,13.27881
2020-03-07 11:09:37 IST,13.28735
2020-03-07 11:09:53 IST,13.27881
2020-03-07 11:10:09 IST,13.2959
2020-03-07 11:10:25 IST,13.27881
2020-03-07 11:10:42 IST,13.28166
2020-03-07 11:10:58 IST,13.26172
2020-03-07 11:11:14 IST,13.28735
2020-03-07 11:11:30 IST,13.27881
2020-03-07 11:11:46 IST,13.27311
2020-03-07 11:12:03 IST,13.28166
2020-03-07 11:12:19 IST,13.27881
2020-03-07 11:12:35 IST,13.27881
2020-03-07 11:12:51 IST,0.14811
2020-03-07 11:13:08 IST,0.15381
2020-03-07 11:13:24 IST,0.15096
2020-03-07 11:13:40 IST,0.15381
2020-03-07 11:13:57 IST,0.15381
2020-03-07 11:14:13 IST,0.15381
2020-03-07 11:14:29 IST,0.15381
2020-03-07 11:14:46 IST,0.15381
2020-03-07 11:15:02 IST,0.15381
2020-03-07 11:15:18 IST,0.15381
2020-03-07 11:15:35 IST,0.15381
2020-03-07 11:15:51 IST,0.15381
2020-03-07 11:16:07 IST,0.15381
2020-03-07 11:16:23 IST,0.15381
2020-03-07 11:16:39 IST,0.15381
2020-03-07 11:16:56 IST,0.15381
2020-03-07 11:17:12 IST,0.15381
2020-03-07 11:17:28 IST,0.15381
2020-03-07 11:17:44 IST,0.15381
2020-03-07 11:18:01 IST,0.15381
2020-03-07 11:18:16 IST,0.15381
2020-03-07 11:18:31 IST,0.15381
2020-03-07 11:18:47 IST,0.15381
2020-03-07 11:19:03 IST,0.15381
2020-03-07 11:19:19 IST,0.15381
2020-03-07 11:19:36 IST,0.15381
2020-03-07 11:19:52 IST,0.15381
2020-03-07 11:20:08 IST,0.15381
2020-03-07 11:20:25 IST,0.15381
2020-03-07 11:20:41 IST,0.15381
2020-03-07 11:20:57 IST,0.15381
2020-03-07 11:21:13 IST,0.15381
2020-03-07 11:21:30 IST,0.15381
2020-03-07 11:21:46 IST,0.15381
2020-03-07 11:22:02 IST,0.15381
2020-03-07 11:47:17 IST,0.1709
2020-03-07 11:47:34 IST,0.1709
2020-03-07 11:47:50 IST,0.1709
2020-03-07 11:48:06 IST,0.1709
2020-03-07 11:48:22 IST,0.16805
2020-03-07 11:48:39 IST,0.16805
2020-03-07 11:48:55 IST,0.1709
2020-03-07 11:49:11 IST,0.15666
2020-03-07 11:49:27 IST,0.15666
2020-03-07 11:49:44 IST,0.15381
2020-03-07 11:50:00 IST,0.15381
2020-03-07 11:50:16 IST,0.15381
2020-03-07 11:50:33 IST,0.15381
2020-03-07 11:50:49 IST,0.15381
2020-03-07 11:51:05 IST,0.15381
2020-03-07 11:51:21 IST,0.15381
2020-03-07 11:51:38 IST,0.15381
2020-03-07 11:51:54 IST,0.15381
2020-03-07 11:52:10 IST,0.15381
2020-03-07 11:52:26 IST,0.15381
2020-03-07 11:52:43 IST,0.15381
2020-03-07 12:21:33 IST,0.15951
2020-03-07 12:21:49 IST,0.15381
2020-03-07 12:22:05 IST,0.15381
2020-03-07 12:22:22 IST,0.15666
2020-03-07 12:22:38 IST,0.15381
2020-03-07 12:22:54 IST,0.15381
2020-03-07 12:23:11 IST,0.15381
2020-03-07 12:23:27 IST,0.15381
2020-03-07 12:23:43 IST,0.15381
2020-03-07 12:24:00 IST,0.15381
2020-03-07 12:24:16 IST,0.15381
2020-03-07 12:28:28 IST,13.33578
2020-03-07 12:28:44 IST,13.29305
2020-03-07 12:29:00 IST,13.28166
2020-03-07 12:29:16 IST,13.28451
2020-03-07 12:29:32 IST,13.2959
2020-03-07 12:29:47 IST,13.28451
2020-03-07 12:37:52 IST,0.16805
2020-03-07 12:41:58 IST,13.56364
2020-03-07 12:42:15 IST,13.61206
2020-03-07 12:42:31 IST,11.08276
2020-03-07 12:42:47 IST,12.97119
2020-03-07 12:43:03 IST,13.18481
2020-03-07 12:43:18 IST,13.42122
2020-03-07 12:43:34 IST,13.51807
2020-03-07 12:43:51 IST,13.56934
2020-03-07 12:44:07 IST,13.58927
2020-03-07 12:44:23 IST,13.60352
2020-03-07 12:44:40 IST,13.61491
2020-03-07 12:44:56 IST,13.62345
2020-03-07 12:45:12 IST,13.64909
2020-03-07 12:45:29 IST,13.65479
2020-03-07 12:45:45 IST,13.65479
2020-03-07 12:46:00 IST,13.66048
2020-03-07 12:46:17 IST,13.67188
2020-03-07 12:46:33 IST,13.66618
2020-03-07 12:46:49 IST,13.68612
2020-03-07 12:47:05 IST,17.34619
2020-03-07 12:47:22 IST,17.39746
2020-03-07 12:47:38 IST,17.43734
2020-03-07 12:47:54 IST,15.24414
2020-03-07 12:48:11 IST,14.85677
2020-03-07 12:48:27 IST,14.64884
2020-03-07 12:48:43 IST,17.44019
2020-03-07 12:48:59 IST,17.5
2020-03-07 12:49:15 IST,17.5
2020-03-07 12:49:32 IST,17.5
2020-03-07 12:49:48 IST,17.5
2020-03-07 12:50:04 IST,15.70272
2020-03-07 12:50:20 IST,15.02197
2020-03-07 12:50:36 IST,14.83398
2020-03-07 12:50:53 IST,14.76563
2020-03-07 12:51:09 IST,14.70581
2020-03-07 12:51:25 IST,14.68302
2020-03-07 12:51:41 IST,14.67733
2020-03-07 12:51:57 IST,14.68018
2020-03-07 12:52:13 IST,14.67448
2020-03-07 12:52:30 IST,14.68018
2020-03-07 12:52:46 IST,14.68018
2020-03-07 12:53:02 IST,14.68018
2020-03-07 12:53:18 IST,14.23584
2020-03-07 12:53:34 IST,14.36686
2020-03-07 12:53:50 IST,14.41813
2020-03-07 12:54:07 IST,14.32129
2020-03-07 12:54:23 IST,14.23014
2020-03-07 12:54:39 IST,14.09912
2020-03-07 12:57:15 IST,0.15381
2020-03-07 13:01:21 IST,6.69759
2020-03-07 13:01:38 IST,6.69759
2020-03-07 13:01:54 IST,6.69759
2020-03-07 13:02:10 IST,6.70573
2020-03-07 13:02:26 IST,7.03261
2020-03-07 13:02:43 IST,6.8929
2020-03-07 13:02:59 IST,6.88748
2020-03-07 13:03:15 IST,6.83051
2020-03-07 13:03:31 IST,6.79932
2020-03-07 13:03:47 IST,6.78575
2020-03-07 13:04:04 IST,6.77083
2020-03-07 13:04:20 IST,6.7627
2020-03-07 13:04:37 IST,6.60265
2020-03-07 13:04:53 IST,6.55111
2020-03-07 13:05:09 IST,6.64062
2020-03-07 13:05:25 IST,6.68945
2020-03-07 13:05:42 IST,6.72065
2020-03-07 13:05:57 IST,6.78033
2020-03-07 13:10:01 IST,7.11222
2020-03-07 13:10:17 IST,7.09229
2020-03-07 13:10:33 IST,7.36572
2020-03-07 13:10:50 IST,6.67358
2020-03-07 13:11:06 IST,7.23755
2020-03-07 13:11:22 IST,6.95557
2020-03-07 13:11:37 IST,7.09229
2020-03-07 13:11:53 IST,7.10937
2020-03-07 13:12:10 IST,7.10083
2020-03-07 13:12:26 IST,7.31018
2020-03-07 13:12:42 IST,7.55371
2020-03-07 13:12:59 IST,7.42126
2020-03-07 13:13:15 IST,7.34009
2020-03-07 13:13:32 IST,7.29309
2020-03-07 13:13:48 IST,7.24609
2020-03-07 13:14:04 IST,7.229
2020-03-07 13:14:20 IST,7.21191
2020-03-07 13:14:36 IST,7.18628
2020-03-07 13:14:52 IST,7.16064
2020-03-07 13:15:08 IST,7.1464
2020-03-07 13:15:24 IST,7.12362
2020-03-07 13:15:40 IST,7.323
2020-03-07 13:15:57 IST,7.32015
2020-03-07 13:16:13 IST,7.31303
2020-03-07 13:16:30 IST,7.30876
2020-03-07 13:16:46 IST,7.30591
2020-03-07 13:17:02 IST,7.30306
2020-03-07 13:17:19 IST,7.30164
2020-03-07 13:17:35 IST,7.30164
2020-03-07 13:17:52 IST,7.29736
2020-03-07 13:18:08 IST,7.0339
2020-03-07 13:18:25 IST,7.10937
2020-03-07 13:18:41 IST,7.09086
2020-03-07 13:18:57 IST,7.05241
2020-03-07 13:19:13 IST,7.04102
2020-03-07 13:19:30 IST,7.03247
2020-03-07 13:19:46 IST,7.02677
2020-03-07 13:20:02 IST,7.00541
2020-03-07 13:20:18 IST,0.08545
2020-03-07 13:20:34 IST,0.08545
2020-03-07 13:20:51 IST,0.08545
2020-03-07 13:21:07 IST,0.08545
2020-03-07 13:21:23 IST,0.08545
2020-03-07 13:21:39 IST,0.08545
2020-03-07 13:21:56 IST,0.08545
2020-03-07 13:22:12 IST,0.08545
2020-03-07 13:22:28 IST,0.08545
2020-03-07 13:22:44 IST,0.08545
2020-03-07 13:23:01 IST,0.08545
2020-03-07 13:23:17 IST,0.08545
2020-03-07 13:23:32 IST,0.08545
2020-03-07 13:23:48 IST,0.08545
2020-03-07 13:24:05 IST,0.08545
2020-03-07 13:24:21 IST,0.08545
2020-03-07 13:24:37 IST,0.08545
2020-03-07 13:24:54 IST,0.08545
2020-03-07 13:25:10 IST,0.08545
2020-03-07 13:25:26 IST,0.08545
2020-03-07 13:25:42 IST,0.08545
2020-03-07 13:25:59 IST,0.08545
2020-03-07 13:26:15 IST,0.08545
2020-03-07 13:40:30 IST,
2020-03-07 13:40:46 IST,
2020-03-07 13:41:01 IST,
2020-03-07 13:41:17 IST,
2020-03-07 13:41:32 IST,
2020-03-07 13:41:48 IST,
2020-03-07 13:42:04 IST,
2020-03-07 13:42:20 IST,
2020-03-07 13:42:36 IST,
2020-03-07 13:42:52 IST,
2020-03-07 13:43:08 IST,
2020-03-07 13:43:25 IST,
2020-03-07 13:43:40 IST,
2020-03-07 13:43:57 IST,
2020-03-07 13:44:12 IST,
2020-03-07 13:48:27 IST,
2020-03-07 13:48:42 IST,
2020-03-07 13:48:58 IST,
2020-03-07 13:49:14 IST,
2020-03-07 13:49:30 IST,
2020-03-07 13:49:46 IST,
2020-03-07 13:50:01 IST,
2020-03-07 13:50:17 IST,
2020-03-07 13:50:33 IST,
2020-03-07 13:50:49 IST,
2020-03-07 13:51:04 IST,
2020-03-07 13:51:19 IST,
2020-03-07 13:51:35 IST,
2020-03-07 13:51:51 IST,
2020-03-07 13:52:06 IST,
2020-03-07 13:52:22 IST,
2020-03-07 13:52:37 IST,
2020-03-07 13:52:53 IST,
2020-03-07 13:53:10 IST,
2020-03-07 13:53:26 IST,
2020-03-07 13:53:41 IST,
2020-03-07 13:53:57 IST,
2020-03-07 13:54:12 IST,
2020-03-07 13:54:27 IST,
2020-03-07 13:54:42 IST,
2020-03-07 13:54:58 IST,
2020-03-07 13:59:03 IST,
2020-03-07 13:59:19 IST,
2020-03-07 13:59:35 IST,
2020-03-07 13:59:50 IST,
2020-03-07 14:00:06 IST,
2020-03-07 14:00:21 IST,
2020-03-07 14:00:37 IST,
2020-03-07 14:00:53 IST,
2020-03-07 14:01:09 IST,
2020-03-07 14:01:26 IST,
2020-03-07 14:01:41 IST,
2020-03-07 14:01:57 IST,
2020-03-07 14:02:12 IST,
2020-03-07 14:02:28 IST,
2020-03-07 14:02:43 IST,
2020-03-07 14:02:59 IST,
2020-03-07 14:03:14 IST,
2020-03-07 14:03:30 IST,
2020-03-07 14:03:45 IST,
2020-03-07 14:04:00 IST,
2020-03-07 14:04:16 IST,
2020-03-07 14:04:31 IST,
2020-03-07 14:04:47 IST,
2020-03-07 14:05:02 IST,
2020-03-07 14:05:18 IST,
2020-03-07 14:05:33 IST,
2020-03-07 14:05:48 IST,
2020-03-07 14:06:04 IST,
2020-03-07 14:06:19 IST,
2020-03-07 14:06:34 IST,
2020-03-07 14:06:51 IST,
2020-03-07 14:07:06 IST,
2020-03-07 14:07:21 IST,
2020-03-07 14:07:36 IST,
2020-03-07 14:11:36 IST,7.01396
2020-03-07 14:11:53 IST,7.02677
2020-03-07 14:12:09 IST,6.88578
2020-03-07 14:12:26 IST,6.90999
2020-03-07 14:12:42 IST,6.92139
2020-03-07 14:12:58 IST,6.9342
2020-03-07 14:13:14 IST,6.95557
2020-03-07 14:13:31 IST,6.97266
2020-03-07 14:13:47 IST,6.97266
2020-03-07 14:14:03 IST,6.96126
2020-03-07 14:14:20 IST,6.99687
2020-03-07 14:14:36 IST,0.08545
2020-03-07 14:14:52 IST,0.08545
2020-03-07 14:15:09 IST,0.08545
2020-03-07 14:15:25 IST,0.08545
2020-03-07 14:15:42 IST,0.08545
2020-03-10 20:50:11 IST,0.08545
2020-03-10 20:50:28 IST,0.08545
2020-03-10 20:50:44 IST,0.08545
2020-03-10 20:51:00 IST,0.08545
2020-03-10 20:51:17 IST,0.08545
2020-03-10 20:51:33 IST,0.08545
2020-03-10 20:51:49 IST,0.08545
2020-03-10 20:52:05 IST,0.08545
2020-03-10 20:52:21 IST,0.08545
2020-03-10 20:52:38 IST,0.08545
2020-03-10 20:52:54 IST,0.08545
2020-03-10 20:53:10 IST,0.0826
2020-03-10 20:53:26 IST,0.08545
2020-03-10 20:53:42 IST,0.08403
2020-03-10 20:53:58 IST,0.08545
2020-03-10 20:54:14 IST,0.08545
2020-03-10 20:54:31 IST,0.08403
2020-03-10 20:54:47 IST,0.0826
2020-03-10 20:55:03 IST,0.08545
2020-03-10 20:55:20 IST,0.0826
2020-03-10 20:55:36 IST,0.0826
2020-03-10 20:55:52 IST,0.08545
2020-03-10 20:56:08 IST,0.08403
2020-03-10 20:56:24 IST,0.0826
2020-03-10 20:56:41 IST,0.0769
2020-03-10 20:56:57 IST,0.0826
2020-03-10 20:57:13 IST,0.08403
2020-03-10 20:57:29 IST,0.08545
2020-03-10 20:57:45 IST,0.08403
2020-03-10 20:58:00 IST,0.07975
2020-03-10 20:58:15 IST,0.08545
2020-03-10 20:58:30 IST,0.07975
2020-03-10 20:58:45 IST,0.07975
2020-03-10 20:59:02 IST,0.08403
2020-03-10 20:59:17 IST,0.08545
2020-03-10 20:59:33 IST,0.0769
2020-03-10 20:59:49 IST,0.07975
2020-03-10 21:00:05 IST,0.0826
2020-03-10 21:00:22 IST,0.07833
2020-03-10 21:00:38 IST,0.08118
2020-03-10 21:00:54 IST,0.08118
2020-03-10 21:01:10 IST,0.0769
2020-03-10 21:01:27 IST,0.08118
2020-03-10 21:01:43 IST,0.08403
2020-03-10 21:01:59 IST,0.08118
2020-03-10 21:02:15 IST,0.08545
2020-03-10 21:02:32 IST,0.08403
2020-03-10 21:02:48 IST,0.0826
2020-03-10 21:03:04 IST,0.0769
2020-03-10 21:03:20 IST,0.07833
2020-03-10 21:03:36 IST,0.0826
2020-03-10 21:03:52 IST,0.07833
2020-03-10 21:04:09 IST,0.0769
2020-03-10 21:04:25 IST,0.07975
2020-03-10 21:04:41 IST,0.0826
2020-03-10 21:04:57 IST,0.07975
2020-03-10 21:05:14 IST,0.0769
2020-03-10 21:05:30 IST,0.0826
2020-03-10 21:05:46 IST,0.08403
2020-03-10 21:06:03 IST,0.0826
2020-03-10 21:06:19 IST,0.07975
2020-03-10 21:06:35 IST,0.07975
2020-03-10 21:06:51 IST,0.07975
2020-03-10 21:07:07 IST,0.07833
2020-03-10 21:07:24 IST,0.0769
2020-03-10 21:07:40 IST,0.08118
2020-03-10 21:07:56 IST,0.0769
2020-03-10 21:08:12 IST,0.08545
2020-03-10 21:08:29 IST,0.07975
2020-03-10 21:08:45 IST,0.0826
2020-03-10 21:09:01 IST,0.07833
2020-03-10 21:09:17 IST,0.07975
2020-03-10 21:09:33 IST,0.0826
2020-03-10 21:09:50 IST,0.07975
2020-03-10 21:10:06 IST,0.07975
2020-03-10 21:10:22 IST,0.07833
2020-03-10 21:10:38 IST,0.07833
2020-03-10 21:10:55 IST,0.08118
2020-03-10 21:11:11 IST,0.0769
2020-03-10 21:11:27 IST,0.0826
2020-03-10 21:11:43 IST,0.0769
2020-03-10 21:11:59 IST,0.07975
2020-03-10 21:12:16 IST,0.08118
2020-03-10 21:12:32 IST,0.0769
2020-03-10 21:12:48 IST,0.07833
2020-03-10 21:13:04 IST,0.07833
2020-03-10 21:13:21 IST,0.07833
2020-03-10 21:13:37 IST,0.07833
2020-03-10 21:13:53 IST,0.07833
2020-03-10 21:14:09 IST,0.08118
2020-03-10 21:14:25 IST,0.07833
2020-03-10 21:14:41 IST,0.07833
2020-03-10 21:14:58 IST,0.07975
2020-03-10 21:15:14 IST,0.0769
2020-03-10 21:15:30 IST,0.07975
2020-03-10 21:15:47 IST,0.0769
2020-03-10 21:16:03 IST,0.0769
2020-03-10 21:16:19 IST,0.0769
2020-03-10 21:16:35 IST,0.07833
2020-03-10 21:16:52 IST,0.07975
2020-03-10 21:17:08 IST,0.0769
2020-03-10 21:17:24 IST,0.07975
2020-03-10 21:17:40 IST,0.0769
2020-03-10 21:17:56 IST,0.08403
2020-03-10 21:18:13 IST,0.0826
2020-03-10 21:18:29 IST,0.07975
2020-03-10 21:18:45 IST,0.08118
2020-03-10 21:19:01 IST,0.08118
2020-03-10 21:19:17 IST,0.07975
2020-03-10 21:19:34 IST,0.08118
2020-03-10 21:19:50 IST,0.08118
2020-03-10 21:20:06 IST,0.07975
2020-03-10 21:20:22 IST,0.07975
2020-03-10 21:20:38 IST,0.07833
2020-03-10 21:20:55 IST,0.0769
2020-03-10 21:21:11 IST,0.07833
2020-03-10 21:28:49 IST,0.10254
2020-03-10 21:29:06 IST,0.10254
2020-03-10 21:29:22 IST,0.10254
